종목코드,종목명,시장구분,업종명,종가,대비,등락률,시가총액
"095570","AJ네트웍스","KOSPI","서비스업","4325","-90","-2.04","202506425875"
"006840","AK홀딩스","KOSPI","기타금융","19410","-240","-1.22","257135159010"
"027410","BGF","KOSPI","기타금융","4140","-60","-1.43","396267514740"
"282330","BGF리테일","KOSPI","유통업","182800","-2500","-1.35","3159498016800"
"138930","BNK금융지주","KOSPI","기타금융","6720","-80","-1.18","2190284853120"
"001460","BYC","KOSPI","섬유의복","422000","-3500","-0.82","263587530000"
"001465","BYC우","KOSPI","섬유의복","148400","1000","0.68","31963134000"
"001040","CJ","KOSPI","기타금융","89400","400","0.45","2608423621200"
"079160","CJ CGV","KOSPI","서비스업","15040","-90","-0.59","717823690560"
"00104K","CJ4우(전환)","KOSPI","기타금융","72400","100","0.14","305999468800"
"000120","CJ대한통운","KOSPI","운수창고업","83700","700","0.84","1909393192800"
"011150","CJ씨푸드","KOSPI","음식료품","3340","-170","-4.84","120008781820"
"011155","CJ씨푸드1우","KOSPI","음식료품","24850","-750","-2.93","4970000000"
"001045","CJ우","KOSPI","기타금융","50600","100","0.20","114367283800"
"097950","CJ제일제당","KOSPI","음식료품","317500","-3000","-0.94","4779704055000"
"097955","CJ제일제당 우","KOSPI","음식료품","149700","-1200","-0.80","198716720100"
"000590","CS홀딩스","KOSPI","기타금융","60900","400","0.66","70307953800"
"012030","DB","KOSPI","서비스업","1804","7","0.39","362917775132"
"016610","DB금융투자","KOSPI","증권","4170","-10","-0.24","177001442130"
"005830","DB손해보험","KOSPI","보험","78700","-1300","-1.63","5571960000000"
"000990","DB하이텍","KOSPI","전기전자","61500","2400","4.06","2730513162000"
"000995","DB하이텍1우","KOSPI","전기전자","78900","400","0.51","8861732400"
"139130","DGB금융지주","KOSPI","기타금융","7000","-40","-0.57","1184020831000"
"001530","DI동일","KOSPI","유통업","20000","-250","-1.23","520813540000"
"000210","DL","KOSPI","화학","46000","-450","-0.97","963970664000"
"001880","DL건설","KOSPI","건설업","13730","-180","-1.29","302791589320"
"000215","DL우","KOSPI","화학","28150","-500","-1.75","47464137250"
"375500","DL이앤씨","KOSPI","건설업","35900","-400","-1.10","1389101065700"
"37550L","DL이앤씨2우(전환)","KOSPI","건설업","25450","-250","-0.97","53749152950"
"37550K","DL이앤씨우","KOSPI","건설업","20950","-300","-1.41","44285890750"
"007340","DN오토모티브","KOSPI","전기전자","76700","-700","-0.90","766540183500"
"004840","DRB동일","KOSPI","화학","5070","-10","-0.20","101045100000"
"155660","DSR","KOSPI","철강금속","4980","-40","-0.80","79680000000"
"069730","DSR제강","KOSPI","철강금속","4860","-130","-2.61","69984000000"
"017940","E1","KOSPI","유통업","51200","-1300","-2.48","351232000000"
"365550","ESR켄달스퀘어리츠","KOSPI","서비스업","4160","-5","-0.12","886450240000"
"383220","F&F","KOSPI","섬유의복","134700","2400","1.81","5159963002500"
"007700","F&F홀딩스","KOSPI","기타금융","20500","150","0.74","801844523500"
"114090","GKL","KOSPI","서비스업","20100","100","0.50","1243298967000"
"078930","GS","KOSPI","기타금융","39300","-400","-1.01","3651574355400"
"006360","GS건설","KOSPI","건설업","21150","-350","-1.63","1810048513500"
"001250","GS글로벌","KOSPI","유통업","3070","-85","-2.69","253378655480"
"007070","GS리테일","KOSPI","유통업","25300","50","0.20","2649363426600"
"078935","GS우","KOSPI","기타금융","34950","0","0.00","62379668700"
"012630","HDC","KOSPI","기타금융","6850","-50","-0.72","409230788850"
"039570","HDC랩스","KOSPI","건설업","8450","-40","-0.47","219341728450"
"089470","HDC현대EP","KOSPI","화학","4890","-105","-2.10","155991000000"
"294870","HDC현대산업개발","KOSPI","건설업","12840","-90","-0.70","846250117200"
"009540","HD한국조선해양","KOSPI","기타금융","96800","-600","-0.62","6850837628800"
"267250","HD현대","KOSPI","기타금융","58800","-800","-1.34","4644793398000"
"267270","HD현대건설기계","KOSPI","기계","61300","0","0.00","1207658610900"
"322000","HD현대에너지솔루션","KOSPI","전기전자","39800","-200","-0.50","445760000000"
"042670","HD현대인프라코어","KOSPI","기계","9980","100","1.01","1992042460940"
"267260","HD현대일렉트릭","KOSPI","전기전자","48250","-700","-1.43","1739274263750"
"329180","HD현대중공업","KOSPI","운수장비","118700","-800","-0.67","10537368869200"
"097230","HJ중공업","KOSPI","건설업","3715","-115","-3.00","309363953915"
"014790","HL D&I","KOSPI","건설업","2790","-30","-1.06","105625496790"
"003580","HLB글로벌","KOSPI","광업","5820","70","1.22","246576184440"
"204320","HL만도","KOSPI","운수장비","47500","200","0.42","2230463200000"
"060980","HL홀딩스","KOSPI","기타금융","35700","-300","-0.83","373852899000"
"011200","HMM","KOSPI","운수창고업","17620","-580","-3.19","8616875919520"
"082740","HSD엔진","KOSPI","기계","8650","-90","-1.03","618855548100"
"003560","IHQ","KOSPI","서비스업","239","0","0.00","57908659872"
"175330","JB금융지주","KOSPI","기타금융","8440","-70","-0.82","1662535625360"
"234080","JW생명과학","KOSPI","의약품","12430","-10","-0.08","196823506220"
"001060","JW중외제약","KOSPI","의약품","23500","-750","-3.09","536623346000"
"001067","JW중외제약2우B","KOSPI","의약품","64000","100","0.16","13178624000"
"001065","JW중외제약우","KOSPI","의약품","32000","-500","-1.54","10730400000"
"096760","JW홀딩스","KOSPI","기타금융","3405","0","0.00","246890281395"
"105560","KB금융","KOSPI","기타금융","47950","-350","-0.72","19348355902400"
"432320","KB스타리츠","KOSPI","서비스업","4590","0","0.00","465491568150"
"002380","KCC","KOSPI","화학","209000","-2500","-1.18","1857272439000"
"344820","KCC글라스","KOSPI","비금속광물","43100","-550","-1.26","688329067200"
"009070","KCTC","KOSPI","운수창고업","4130","-55","-1.31","123900000000"
"009440","KC그린홀딩스","KOSPI","기타금융","4530","-390","-7.93","101630459400"
"119650","KC코트렐","KOSPI","기계","3645","-195","-5.08","128227520610"
"092220","KEC","KOSPI","전기전자","2110","5","0.24","305450227510"
"003620","KG모빌리티","KOSPI","운수장비","9430","-480","-4.84","1762995306320"
"016380","KG스틸","KOSPI","철강금속","8750","-340","-3.74","875077848750"
"001390","KG케미칼","KOSPI","화학","32550","-900","-2.69","451341424800"
"033180","KH 필룩스","KOSPI","전기전자","442","0","0.00","84294994836"
"001940","KISCO홀딩스","KOSPI","철강금속","19200","-470","-2.39","310586496000"
"025000","KPX케미칼","KOSPI","화학","46850","-400","-0.85","226754000000"
"092230","KPX홀딩스","KOSPI","화학","51200","-200","-0.39","216301875200"
"000040","KR모터스","KOSPI","운수장비","700","-5","-0.71","67296925500"
"044450","KSS해운","KOSPI","운수창고업","8150","-100","-1.21","188149922000"
"030200","KT","KOSPI","통신업","31300","0","0.00","8172799590400"
"033780","KT&G","KOSPI","기타제조업","83500","-100","-0.12","11463923499500"
"058850","KTcs","KOSPI","서비스업","3345","-20","-0.59","142781325000"
"058860","KTis","KOSPI","서비스업","3140","-10","-0.32","109278280000"
"093050","LF","KOSPI","섬유의복","16570","150","0.91","484506800000"
"003550","LG","KOSPI","기타금융","87200","-200","-0.23","13716646589600"
"034220","LG디스플레이","KOSPI","전기전자","15480","-90","-0.58","5538987036000"
"051900","LG생활건강","KOSPI","화학","557000","0","0.00","8699335729000"
"051905","LG생활건강우","KOSPI","화학","241500","-2500","-1.02","507076825500"
"373220","LG에너지솔루션","KOSPI","전기전자","578000","-5000","-0.86","135252000000000"
"003555","LG우","KOSPI","기타금융","64700","-300","-0.46","195498814000"
"032640","LG유플러스","KOSPI","통신업","11140","-30","-0.27","4863850561540"
"011070","LG이노텍","KOSPI","전기전자","289000","2000","0.70","6839793923000"
"066570","LG전자","KOSPI","전기전자","112700","100","0.09","18443108637800"
"066575","LG전자우","KOSPI","전기전자","50100","-100","-0.20","861018199200"
"037560","LG헬로비전","KOSPI","서비스업","4425","170","4.00","342702377625"
"051910","LG화학","KOSPI","화학","706000","-6000","-0.84","49838194158000"
"051915","LG화학우","KOSPI","화학","362500","-4000","-1.09","2787190000000"
"079550","LIG넥스원","KOSPI","기계","77600","-1400","-1.77","1707200000000"
"006260","LS","KOSPI","기타금융","82800","-1700","-2.01","2666160000000"
"010120","LS ELECTRIC","KOSPI","전기전자","64300","-1100","-1.68","1929000000000"
"000680","LS네트웍스","KOSPI","유통업","2780","-45","-1.59","219072384480"
"229640","LS전선아시아","KOSPI","기타금융","6890","0","0.00","211005416310"
"108320","LX세미콘","KOSPI","전기전자","108800","1700","1.59","1769555840000"
"001120","LX인터내셔널","KOSPI","유통업","30300","-600","-1.94","1174428000000"
"108670","LX하우시스","KOSPI","화학","43950","-350","-0.79","394129096500"
"108675","LX하우시스우","KOSPI","화학","20200","0","0.00","20853066000"
"383800","LX홀딩스","KOSPI","기타금융","8280","-30","-0.36","631604113200"
"38380K","LX홀딩스1우","KOSPI","기타금융","10770","10","0.09","15781119450"
"023150","MH에탄올","KOSPI","음식료품","7510","-70","-0.92","55412730260"
"035420","NAVER","KOSPI","서비스업","202500","-3500","-1.70","33219939712500"
"181710","NHN","KOSPI","서비스업","26900","-200","-0.74","939796745800"
"400760","NH올원리츠","KOSPI","서비스업","3620","5","0.14","152764000000"
"005940","NH투자증권","KOSPI","증권","9680","30","0.31","3210526115280"
"005945","NH투자증권우","KOSPI","증권","9340","-50","-0.53","176254841120"
"338100","NH프라임리츠","KOSPI","서비스업","4400","-20","-0.45","82104000000"
"034310","NICE","KOSPI","서비스업","12390","-60","-0.48","469361697000"
"008260","NI스틸","KOSPI","철강금속","6360","-140","-2.15","181896744120"
"004250","NPC","KOSPI","화학","6300","-130","-2.02","231336000000"
"004255","NPC우","KOSPI","화학","3360","10","0.30","17740800000"
"010060","OCI","KOSPI","화학","119800","0","0.00","2857154645800"
"178920","PI첨단소재","KOSPI","화학","33000","-250","-0.75","969088626000"
"005490","POSCO홀딩스","KOSPI","철강금속","360500","-4500","-1.23","30487928415000"
"010950","S-Oil","KOSPI","화학","74400","-500","-0.67","8376159724800"
"010955","S-Oil우","KOSPI","화학","53300","-200","-0.37","214368709100"
"034120","SBS","KOSPI","서비스업","32050","-300","-0.93","584995253100"
"005090","SGC에너지","KOSPI","전기가스업","27500","-50","-0.18","403617610000"
"001380","SG글로벌","KOSPI","운수장비","1412","-63","-4.27","63489369916"
"004060","SG세계물산","KOSPI","유통업","517","-3","-0.58","104653704320"
"001770","SHD","KOSPI","철강금속","28650","-150","-0.52","34806254700"
"002360","SH에너지화학","KOSPI","화학","783","-9","-1.14","87017710590"
"009160","SIMPAC","KOSPI","철강금속","5760","10","0.17","376874012160"
"123700","SJM","KOSPI","운수장비","4965","-30","-0.60","77478318570"
"025530","SJM홀딩스","KOSPI","유통업","5280","130","2.52","78851562240"
"034730","SK","KOSPI","기타금융","172800","3000","1.77","12648671251200"
"011790","SKC","KOSPI","화학","94500","-1400","-1.46","3578554161000"
"018670","SK가스","KOSPI","유통업","125600","-2000","-1.57","1159318646400"
"001740","SK네트웍스","KOSPI","유통업","4775","25","0.53","1125841215375"
"001745","SK네트웍스우","KOSPI","유통업","50300","-400","-0.79","5716494400"
"006120","SK디스커버리","KOSPI","기타금융","35050","-400","-1.13","667276817750"
"006125","SK디스커버리우","KOSPI","기타금융","29250","-150","-0.51","39734808750"
"210980","SK디앤디","KOSPI","서비스업","21050","-350","-1.64","467102952200"
"068400","SK렌터카","KOSPI","서비스업","8830","100","1.15","417533967200"
"395400","SK리츠","KOSPI","서비스업","5190","0","0.00","1020115670010"
"302440","SK바이오사이언스","KOSPI","의약품","79700","500","0.63","6119688466200"
"326030","SK바이오팜","KOSPI","서비스업","72300","800","1.12","5662047975000"
"402340","SK스퀘어","KOSPI","기타금융","46350","750","1.64","6557021915850"
"361610","SK아이이테크놀로지","KOSPI","전기전자","88400","-1300","-1.45","6302707132800"
"100090","SK오션플랜트","KOSPI","철강금속","19620","-130","-0.66","1044470935440"
"03473K","SK우","KOSPI","기타금융","151000","0","0.00","85486385000"
"096770","SK이노베이션","KOSPI","화학","182800","-2900","-1.56","16902705099200"
"096775","SK이노베이션우","KOSPI","화학","118100","-1400","-1.17","147439110600"
"001510","SK증권","KOSPI","증권","701","-4","-0.57","331285709871"
"001515","SK증권우","KOSPI","증권","2610","15","0.58","10211661540"
"285130","SK케미칼","KOSPI","화학","73200","-400","-0.54","1262976915600"
"28513K","SK케미칼우","KOSPI","화학","33700","-100","-0.30","71289957300"
"017670","SK텔레콤","KOSPI","통신업","49600","0","0.00","10854123942400"
"000660","SK하이닉스","KOSPI","전기전자","109200","5700","5.51","79497858258000"
"003570","SNT다이내믹스","KOSPI","운수장비","9990","-90","-0.89","332194443030"
"064960","SNT모티브","KOSPI","운수장비","50200","850","1.72","734081427200"
"100840","SNT에너지","KOSPI","기계","21550","-250","-1.15","161769622050"
"036530","SNT홀딩스","KOSPI","기타금융","16290","-210","-1.27","265590302940"
"005610","SPC삼립","KOSPI","음식료품","78700","-900","-1.13","679103008300"
"011810","STX","KOSPI","유통업","7850","-360","-4.38","242007328150"
"077970","STX엔진","KOSPI","기계","13100","-340","-2.53","301416642400"
"071970","STX중공업","KOSPI","기계","5440","30","0.55","155326519360"
"002820","SUN&L","KOSPI","종이목재","2745","-5","-0.18","34608929805"
"084870","TBH글로벌","KOSPI","섬유의복","1836","-21","-1.13","38293119684"
"002710","TCC스틸","KOSPI","철강금속","33400","-800","-2.34","875537479800"
"069260","TKG휴켐스","KOSPI","화학","23150","-200","-0.86","946339312200"
"002900","TYM","KOSPI","기계","13270","150","1.14","404346839230"
"024070","WISCOM","KOSPI","화학","2995","5","0.17","45902681810"
"037270","YG PLUS","KOSPI","서비스업","6340","-10","-0.16","402142459400"
"000500","가온전선","KOSPI","전기전자","17940","-260","-1.43","114079132440"
"000860","강남제비스코","KOSPI","화학","23650","-350","-1.46","153725000000"
"035250","강원랜드","KOSPI","서비스업","18520","-10","-0.05","3962178060000"
"011420","갤럭시아에스엠","KOSPI","서비스업","2140","-60","-2.73","58956238160"
"002100","경농","KOSPI","화학","10530","-110","-1.03","205572714750"
"009450","경동나비엔","KOSPI","전기전자","42100","-250","-0.59","613337723200"
"267290","경동도시가스","KOSPI","전기가스업","21100","-50","-0.24","124393066600"
"012320","경동인베스트","KOSPI","기타금융","102100","1800","1.79","241468848300"
"000050","경방","KOSPI","유통업","10440","60","0.58","286215418800"
"214390","경보제약","KOSPI","의약품","7420","-230","-3.01","177388901200"
"012610","경인양행","KOSPI","화학","4740","-15","-0.32","197261570100"
"009140","경인전자","KOSPI","전기전자","25900","0","0.00","40683642300"
"013580","계룡건설","KOSPI","건설업","16380","-280","-1.68","146288256660"
"012200","계양전기","KOSPI","기계","2325","-10","-0.43","63293077425"
"012205","계양전기우","KOSPI","기계","4995","-35","-0.70","5839549605"
"002140","고려산업","KOSPI","음식료품","4295","-215","-4.77","107114830375"
"010130","고려아연","KOSPI","철강금속","484000","1500","0.31","9613768472000"
"002240","고려제강","KOSPI","철강금속","18390","-400","-2.13","459750000000"
"009290","광동제약","KOSPI","의약품","6440","-40","-0.62","337590280440"
"017040","광명전기","KOSPI","전기전자","2595","-95","-3.53","112461110925"
"017900","광전자","KOSPI","전기전자","2715","165","6.47","157317316545"
"037710","광주신세계","KOSPI","유통업","33550","-100","-0.30","266963724500"
"030610","교보증권","KOSPI","증권","5350","0","0.00","345895133600"
"339770","교촌에프앤비","KOSPI","유통업","8880","-20","-0.22","221844955200"
"007690","국도화학","KOSPI","화학","44050","-200","-0.45","396917634800"
"005320","국동","KOSPI","유통업","1093","-5","-0.46","62707076825"
"001140","국보","KOSPI","운수창고업","8630","-490","-5.37","91632390700"
"002720","국제약품","KOSPI","의약품","4335","-75","-1.70","91727871720"
"083420","그린케미칼","KOSPI","화학","10060","-340","-3.27","241440000000"
"014530","극동유화","KOSPI","화학","3635","-30","-0.82","126750341700"
"014280","금강공업","KOSPI","철강금속","5420","-110","-1.99","158965114940"
"014285","금강공업우","KOSPI","철강금속","10750","200","1.90","6341156250"
"008870","금비","KOSPI","비금속광물","99700","-400","-0.40","99700000000"
"001570","금양","KOSPI","화학","48950","-3250","-6.23","2841549311150"
"002990","금호건설","KOSPI","건설업","6410","-90","-1.38","236872543950"
"002995","금호건설우","KOSPI","건설업","20600","-400","-1.90","6020679600"
"011780","금호석유","KOSPI","화학","129500","-1400","-1.07","3796203404000"
"011785","금호석유우","KOSPI","화학","69000","-400","-0.58","208620534000"
"214330","금호에이치티","KOSPI","운수장비","760","-8","-1.04","149067136440"
"001210","금호전기","KOSPI","전기전자","930","-10","-1.06","31516879740"
"073240","금호타이어","KOSPI","화학","4860","-35","-0.72","1396084994820"
"092440","기신정기","KOSPI","기계","3460","10","0.29","101032000000"
"000270","기아","KOSPI","운수장비","87400","300","0.34","35138663342200"
"024110","기업은행","KOSPI","은행","10230","-40","-0.39","8157666639870"
"013700","까뮤이앤씨","KOSPI","건설업","1794","-18","-0.99","81003190320"
"004540","깨끗한나라","KOSPI","종이목재","2700","0","0.00","100549871100"
"004545","깨끗한나라우","KOSPI","종이목재","17380","60","0.35","6363860800"
"001260","남광토건","KOSPI","건설업","9790","-270","-2.68","96260879880"
"008350","남선알미늄","KOSPI","철강금속","2865","50","1.78","369811592850"
"008355","남선알미우","KOSPI","철강금속","26400","-100","-0.38","8128296000"
"004270","남성","KOSPI","유통업","2060","-75","-3.51","74597049600"
"003920","남양유업","KOSPI","음식료품","510000","5000","0.99","367200000000"
"003925","남양유업우","KOSPI","음식료품","302000","-10500","-3.36","50331924000"
"025860","남해화학","KOSPI","화학","8720","-180","-2.02","433199510960"
"005720","넥센","KOSPI","화학","4255","-60","-1.39","227829622135"
"005725","넥센우","KOSPI","화학","3070","5","0.16","11053842000"
"002350","넥센타이어","KOSPI","화학","8450","-30","-0.35","825293560650"
"002355","넥센타이어1우B","KOSPI","화학","3000","10","0.33","19500000000"
"251270","넷마블","KOSPI","서비스업","56700","-1400","-2.41","4873563563400"
"090350","노루페인트","KOSPI","화학","8580","-280","-3.16","171600000000"
"090355","노루페인트우","KOSPI","화학","13590","90","0.67","6293882340"
"000320","노루홀딩스","KOSPI","기타금융","10160","-90","-0.88","135038094160"
"000325","노루홀딩스우","KOSPI","기타금융","21150","-250","-1.17","5151272850"
"006280","녹십자","KOSPI","의약품","126900","1700","1.36","1483021672200"
"005250","녹십자홀딩스","KOSPI","서비스업","15570","-70","-0.45","732229229700"
"005257","녹십자홀딩스2우","KOSPI","서비스업","32100","100","0.31","27156279000"
"004370","농심","KOSPI","음식료품","430000","-1500","-0.35","2615536060000"
"072710","농심홀딩스","KOSPI","기타금융","73200","-800","-1.08","339486228000"
"058730","다스코","KOSPI","기계","4635","-160","-3.34","89904821535"
"030210","다올투자증권","KOSPI","증권","3900","-170","-4.18","237553313400"
"023590","다우기술","KOSPI","서비스업","18930","-290","-1.51","849325059810"
"145210","다이나믹디자인","KOSPI","기계","7550","-390","-4.91","129032361450"
"019680","대교","KOSPI","서비스업","2810","-5","-0.18","238015008500"
"019685","대교우B","KOSPI","서비스업","1740","-35","-1.97","33802962600"
"006370","대구백화점","KOSPI","유통업","9850","10","0.10","106592868350"
"008060","대덕","KOSPI","기타금융","6560","-10","-0.15","222319384000"
"00806K","대덕1우","KOSPI","기타금융","9410","-250","-2.59","11408279370"
"353200","대덕전자","KOSPI","전기전자","23750","300","1.28","1173651968750"
"35320K","대덕전자1우","KOSPI","전기전자","10630","130","1.24","22275366970"
"000490","대동","KOSPI","기계","11780","60","0.51","281923130120"
"008110","대동전자","KOSPI","전기전자","8620","-180","-2.05","90427653140"
"005750","대림B&Co","KOSPI","비금속광물","3370","-30","-0.88","56185448800"
"006570","대림통상","KOSPI","기계","3500","80","2.34","53287500000"
"001680","대상","KOSPI","음식료품","19030","-100","-0.52","659351915750"
"001685","대상우","KOSPI","음식료품","15150","-60","-0.39","20758878450"
"084690","대상홀딩스","KOSPI","기타금융","7330","-40","-0.54","265437903540"
"084695","대상홀딩스우","KOSPI","기타금융","9100","-100","-1.09","8312686200"
"128820","대성산업","KOSPI","유통업","4025","-50","-1.23","182072798950"
"117580","대성에너지","KOSPI","전기가스업","8730","0","0.00","240075000000"
"016710","대성홀딩스","KOSPI","서비스업","19650","-1000","-4.84","316157869350"
"003540","대신증권","KOSPI","증권","13300","-50","-0.37","675286220000"
"003547","대신증권2우B","KOSPI","증권","12310","-40","-0.32","123100000000"
"003545","대신증권우","KOSPI","증권","13000","20","0.15","338000000000"
"009190","대양금속","KOSPI","철강금속","4035","-130","-3.12","141801302910"
"014160","대영포장","KOSPI","종이목재","1382","-8","-0.58","149801266718"
"047040","대우건설","KOSPI","건설업","4240","-85","-1.97","1762239985120"
"009320","대우부품","KOSPI","운수장비","1681","-53","-3.06","80093556375"
"042660","대우조선해양","KOSPI","운수장비","28650","-450","-1.55","3073877666850"
"003090","대웅","KOSPI","의약품","14890","-400","-2.62","865734082200"
"069620","대웅제약","KOSPI","의약품","110900","-1800","-1.60","1284951167500"
"000430","대원강업","KOSPI","운수장비","4360","10","0.23","270320000000"
"006340","대원전선","KOSPI","전기전자","1210","-34","-2.73","87077086140"
"006345","대원전선우","KOSPI","전기전자","2550","0","0.00","6684060000"
"003220","대원제약","KOSPI","의약품","14260","-110","-0.77","313216194200"
"024890","대원화성","KOSPI","화학","2885","-45","-1.54","119003803520"
"002880","대유에이텍","KOSPI","운수장비","695","-5","-0.71","80573360635"
"000300","대유플러스","KOSPI","전기전자","909","-13","-1.41","109987885566"
"012800","대창","KOSPI","철강금속","1407","-23","-1.61","128234682093"
"015230","대창단조","KOSPI","운수장비","6780","-150","-2.16","193719719400"
"001070","대한방직","KOSPI","섬유의복","53200","-300","-0.56","281960000000"
"006650","대한유화","KOSPI","화학","139600","-1300","-0.92","907400000000"
"001440","대한전선","KOSPI","전기전자","14430","-170","-1.16","1795774539000"
"084010","대한제강","KOSPI","철강금속","12910","70","0.55","318189335940"
"001790","대한제당","KOSPI","음식료품","3460","-175","-4.81","310350166800"
"001795","대한제당우","KOSPI","음식료품","3105","-200","-6.05","20128969800"
"001130","대한제분","KOSPI","음식료품","142900","-2100","-1.45","241501000000"
"003490","대한항공","KOSPI","운수창고업","21900","-150","-0.68","8064032475900"
"003495","대한항공우","KOSPI","운수창고업","28000","0","0.00","31102232000"
"005880","대한해운","KOSPI","운수창고업","1911","-75","-3.78","609948126060"
"003830","대한화섬","KOSPI","화학","110000","-1900","-1.70","146080000000"
"016090","대현","KOSPI","섬유의복","2225","-15","-0.67","98528139750"
"069460","대호에이엘","KOSPI","철강금속","1541","-21","-1.34","86272357978"
"118000","더메디팜","KOSPI","유통업","562","-40","-6.64","50949438006"
"192080","더블유게임즈","KOSPI","서비스업","45000","-750","-1.64","818584065000"
"012510","더존비즈온","KOSPI","서비스업","30850","-400","-1.28","937308886400"
"004830","덕성","KOSPI","화학","4600","-15","-0.33","72128000000"
"004835","덕성우","KOSPI","화학","5670","0","0.00","7892640000"
"024900","덕양산업","KOSPI","운수장비","7950","-170","-2.09","258891591000"
"145720","덴티움","KOSPI","의료정밀","159700","2000","1.27","1767692151000"
"002150","도화엔지니어링","KOSPI","서비스업","8730","10","0.11","294375600000"
"001230","동국제강","KOSPI","철강금속","11400","-330","-2.81","1087933201800"
"023450","동남합성","KOSPI","화학","39900","100","0.25","139650000000"
"004140","동방","KOSPI","운수창고업","2295","10","0.44","110095202970"
"007590","동방아그로","KOSPI","화학","6610","-70","-1.05","90012183970"
"005960","동부건설","KOSPI","건설업","7370","-190","-2.51","168587740310"
"005965","동부건설우","KOSPI","건설업","30250","-250","-0.82","6828393000"
"026960","동서","KOSPI","유통업","20700","-150","-0.72","2063790000000"
"002210","동성제약","KOSPI","의약품","5930","-10","-0.17","154778752100"
"102260","동성케미컬","KOSPI","서비스업","4610","10","0.22","229069646080"
"000640","동아쏘시오홀딩스","KOSPI","기타금융","85700","-500","-0.58","544101844100"
"170900","동아에스티","KOSPI","의약품","56400","-200","-0.35","485869531200"
"028100","동아지질","KOSPI","건설업","13800","-300","-2.13","193926514800"
"282690","동아타이어","KOSPI","화학","11910","-20","-0.17","163560208650"
"001520","동양","KOSPI","비금속광물","1042","-11","-1.04","248708793646"
"001527","동양2우B","KOSPI","비금속광물","13070","-10","-0.08","4032996830"
"084670","동양고속","KOSPI","운수창고업","15800","-350","-2.17","45749990200"
"082640","동양생명","KOSPI","보험","3785","-115","-2.95","610742244225"
"001525","동양우","KOSPI","비금속광물","6260","10","0.16","3866996060"
"008970","동양철관","KOSPI","철강금속","1060","-17","-1.58","126018407400"
"092780","동양피스톤","KOSPI","운수장비","4730","-100","-2.07","62286815800"
"049770","동원F&B","KOSPI","음식료품","33050","100","0.30","637720241000"
"018500","동원금속","KOSPI","운수장비","1170","-10","-0.85","54703271610"
"006040","동원산업","KOSPI","기타금융","45600","-200","-0.44","2279209524000"
"030720","동원수산","KOSPI","농업, 임업 및 어업","8570","10","0.12","39883108850"
"014820","동원시스템즈","KOSPI","화학","39850","-850","-2.09","1155302587700"
"014825","동원시스템즈우","KOSPI","화학","29400","250","0.86","7764863400"
"163560","동일고무벨트","KOSPI","화학","6600","-60","-0.90","91740000000"
"004890","동일산업","KOSPI","철강금속","223000","3000","1.36","540822945000"
"002690","동일제강","KOSPI","철강금속","2275","-35","-1.52","46183319000"
"000020","동화약품","KOSPI","의약품","9850","-190","-1.89","275124979500"
"000150","두산","KOSPI","기타금융","98000","-1000","-1.01","1619335830000"
"000157","두산2우B","KOSPI","기타금융","92800","1200","1.31","82873926400"
"241560","두산밥캣","KOSPI","기계","54200","-1600","-2.87","5433504797200"
"034020","두산에너빌리티","KOSPI","기계","16000","-160","-0.99","10248978336000"
"000155","두산우","KOSPI","기타금융","56000","-600","-1.06","223801872000"
"336260","두산퓨얼셀","KOSPI","전기전자","30100","-600","-1.95","1971361152600"
"33626K","두산퓨얼셀1우","KOSPI","전기전자","8930","-110","-1.22","119342306000"
"33626L","두산퓨얼셀2우B","KOSPI","전기전자","11180","-90","-0.80","33386834000"
"016740","두올","KOSPI","운수장비","3625","-75","-2.03","119866715000"
"192650","드림텍","KOSPI","전기전자","8880","0","0.00","598993145040"
"024090","디씨엠","KOSPI","철강금속","13380","-130","-0.96","152532000000"
"003160","디아이","KOSPI","의료정밀","6870","-30","-0.43","194421000000"
"092200","디아이씨","KOSPI","운수장비","5020","30","0.60","195220616380"
"377190","디앤디플랫폼리츠","KOSPI","서비스업","3310","-20","-0.60","213164000000"
"013570","디와이","KOSPI","기타금융","5910","0","0.00","155549031030"
"210540","디와이파워","KOSPI","기계","12450","0","0.00","137469264600"
"115390","락앤락","KOSPI","화학","5930","10","0.17","297688632920"
"032350","롯데관광개발","KOSPI","서비스업","11300","80","0.71","833518046700"
"089860","롯데렌탈","KOSPI","서비스업","27400","-300","-1.08","1003773326200"
"330590","롯데리츠","KOSPI","서비스업","3870","-20","-0.51","940289581080"
"000400","롯데손해보험","KOSPI","보험","1688","2","0.12","523847708160"
"023530","롯데쇼핑","KOSPI","유통업","80000","-600","-0.74","2263100400000"
"020150","롯데에너지머티리얼즈","KOSPI","전기전자","56100","-900","-1.58","2586817843500"
"280360","롯데웰푸드","KOSPI","음식료품","107300","0","0.00","1012329790200"
"004000","롯데정밀화학","KOSPI","화학","58800","-500","-0.84","1517040000000"
"286940","롯데정보통신","KOSPI","서비스업","27800","-200","-0.71","428018001800"
"004990","롯데지주","KOSPI","기타금융","28600","0","0.00","3000404178200"
"00499K","롯데지주우","KOSPI","기타금융","40100","50","0.12","32304680300"
"005300","롯데칠성","KOSPI","음식료품","143000","800","0.56","1326880412000"
"005305","롯데칠성우","KOSPI","음식료품","67800","0","0.00","52566018000"
"011170","롯데케미칼","KOSPI","화학","170400","900","0.53","7288931397600"
"071840","롯데하이마트","KOSPI","유통업","11870","80","0.68","280223541440"
"027740","마니커","KOSPI","음식료품","1428","-28","-1.92","90694033584"
"357430","마스턴프리미어리츠","KOSPI","서비스업","3330","-25","-0.75","88511400000"
"001080","만호제강","KOSPI","철강금속","66000","0","0.00","273900000000"
"088980","맥쿼리인프라","KOSPI","기타금융","13090","90","0.69","5299428210230"
"094800","맵스리얼티1","KOSPI","기타금융","4280","10","0.23","397330936680"
"138040","메리츠금융지주","KOSPI","기타금융","44500","350","0.79","9265694681000"
"090370","메타랩스","KOSPI","섬유의복","2550","20","0.79","63506956950"
"017180","명문제약","KOSPI","의약품","2725","-15","-0.55","92523162150"
"009900","명신산업","KOSPI","운수장비","21850","200","0.92","1146472406050"
"012690","모나리자","KOSPI","종이목재","2805","-25","-0.88","102582370275"
"005360","모나미","KOSPI","유통업","3325","-25","-0.75","62833545775"
"204210","모두투어리츠","KOSPI","서비스업","3575","20","0.56","27980863625"
"009680","모토닉","KOSPI","운수장비","9000","-30","-0.33","297000000000"
"009580","무림P&P","KOSPI","종이목재","3635","-25","-0.68","226708857740"
"009200","무림페이퍼","KOSPI","종이목재","2545","-45","-1.74","105895693950"
"033920","무학","KOSPI","음식료품","5730","-170","-2.88","163305000000"
"008420","문배철강","KOSPI","철강금속","3515","-95","-2.63","72069820075"
"025560","미래산업","KOSPI","의료정밀","23400","-2100","-8.24","107066138400"
"007120","미래아이앤지","KOSPI","서비스업","1746","-34","-1.91","48684737664"
"396690","미래에셋글로벌리츠","KOSPI","서비스업","3400","-15","-0.44","98804000000"
"357250","미래에셋맵스리츠","KOSPI","서비스업","3640","-45","-1.22","73164000000"
"085620","미래에셋생명","KOSPI","보험","3045","-85","-2.72","539014295505"
"006800","미래에셋증권","KOSPI","증권","7240","-50","-0.69","4382490793920"
"00680K","미래에셋증권2우B","KOSPI","증권","3740","-30","-0.80","523600000000"
"006805","미래에셋증권우","KOSPI","증권","4055","-30","-0.73","57077166250"
"002840","미원상사","KOSPI","화학","165600","-3100","-1.84","803160000000"
"268280","미원에스씨","KOSPI","화학","136800","-700","-0.51","697680000000"
"107590","미원홀딩스","KOSPI","기타금융","99200","-400","-0.40","230144000000"
"134380","미원화학","KOSPI","화학","65100","-200","-0.31","143172346800"
"003650","미창석유","KOSPI","화학","70100","0","0.00","121951007200"
"155900","바다로19호","KOSPI","서비스업","2885","5","0.17","43852011540"
"377740","바이오노트","KOSPI","의약품","5220","-90","-1.69","532314970560"
"003610","방림","KOSPI","섬유의복","7450","0","0.00","315239970500"
"001340","백광산업","KOSPI","화학","7370","740","11.16","331048659590"
"035150","백산","KOSPI","화학","7850","-70","-0.88","180628500000"
"002410","범양건영","KOSPI","건설업","3305","-35","-1.05","82069700510"
"007210","벽산","KOSPI","비금속광물","2160","-30","-1.37","148089600000"
"002760","보락","KOSPI","화학","1699","-23","-1.34","101770100000"
"003850","보령","KOSPI","의약품","8920","20","0.22","612714800000"
"000890","보해양조","KOSPI","음식료품","603","-5","-0.82","83889437787"
"003000","부광약품","KOSPI","의약품","7750","0","0.00","550738629750"
"001270","부국증권","KOSPI","증권","20400","0","0.00","211545674400"
"001275","부국증권우","KOSPI","증권","18870","0","0.00","56610000000"
"026940","부국철강","KOSPI","철강금속","3750","55","1.49","75000000000"
"011390","부산산업","KOSPI","비금속광물","72200","-1000","-1.37","76243200000"
"005030","부산주공","KOSPI","운수장비","486","0","0.00","38288532168"
"002070","비비안","KOSPI","섬유의복","1377","17","1.25","41026324230"
"100220","비상교육","KOSPI","서비스업","5350","-10","-0.19","69532564350"
"030790","비케이탑스","KOSPI","서비스업","904","0","0.00","19208323080"
"005180","빙그레","KOSPI","음식료품","49700","-1300","-2.55","489606677700"
"003960","사조대림","KOSPI","음식료품","28350","-900","-3.08","259812639450"
"008040","사조동아원","KOSPI","음식료품","1144","-16","-1.38","161469422400"
"007160","사조산업","KOSPI","농업, 임업 및 어업","40550","-50","-0.12","202750000000"
"014710","사조씨푸드","KOSPI","음식료품","5460","-70","-1.27","94013244780"
"006090","사조오양","KOSPI","음식료품","8300","-100","-1.19","78208733700"
"001470","삼부토건","KOSPI","건설업","2055","-100","-4.64","406218785625"
"448730","삼성FN리츠","KOSPI","서비스업","5130","10","0.20","396549000000"
"006400","삼성SDI","KOSPI","전기전자","693000","-7000","-1.00","47653819290000"
"006405","삼성SDI우","KOSPI","전기전자","329000","-3000","-0.90","532287784000"
"006660","삼성공조","KOSPI","운수장비","11950","-300","-2.45","97109452300"
"028260","삼성물산","KOSPI","유통업","109900","-200","-0.18","20396524533000"
"02826K","삼성물산우B","KOSPI","유통업","99900","600","0.60","162579757500"
"207940","삼성바이오로직스","KOSPI","의약품","777000","-2000","-0.26","55302198000000"
"032830","삼성생명","KOSPI","보험","66700","-800","-1.19","13340000000000"
"018260","삼성에스디에스","KOSPI","서비스업","122100","200","0.16","9447829380000"
"028050","삼성엔지니어링","KOSPI","서비스업","29050","-600","-2.02","5693800000000"
"009150","삼성전기","KOSPI","전기전자","144000","1000","0.70","10755892224000"
"009155","삼성전기우","KOSPI","전기전자","70500","700","1.00","204942372000"
"005930","삼성전자","KOSPI","전기전자","70300","1500","2.18","419675713265000"
"005935","삼성전자우","KOSPI","전기전자","59300","1800","3.13","48797181310000"
"001360","삼성제약","KOSPI","의약품","3675","845","29.86","246820640325"
"010140","삼성중공업","KOSPI","운수장비","6100","-40","-0.65","5368000000000"
"010145","삼성중공우","KOSPI","운수장비","170000","700","0.41","19523650000"
"016360","삼성증권","KOSPI","증권","36000","-200","-0.55","3214800000000"
"068290","삼성출판사","KOSPI","서비스업","22050","0","0.00","220500000000"
"029780","삼성카드","KOSPI","기타금융","30200","-200","-0.66","3498938508200"
"000810","삼성화재","KOSPI","보험","232000","-3000","-1.28","10990962184000"
"000815","삼성화재우","KOSPI","보험","172300","-1600","-0.92","549981600000"
"006110","삼아알미늄","KOSPI","철강금속","79600","500","0.63","1171068513600"
"145990","삼양사","KOSPI","음식료품","45100","-900","-1.96","465136549900"
"145995","삼양사우","KOSPI","음식료품","28150","50","0.18","10417470500"
"003230","삼양식품","KOSPI","음식료품","106800","200","0.19","804526002000"
"002170","삼양통상","KOSPI","기타제조업","50800","-100","-0.20","152400000000"
"272550","삼양패키징","KOSPI","화학","17020","-80","-0.47","268723180420"
"000070","삼양홀딩스","KOSPI","기타금융","72700","-1800","-2.42","622622501700"
"000075","삼양홀딩스우","KOSPI","기타금융","55000","100","0.18","16723190000"
"003720","삼영","KOSPI","화학","4575","-230","-4.79","155550000000"
"002810","삼영무역","KOSPI","유통업","13450","0","0.00","248380450600"
"005680","삼영전자","KOSPI","전기전자","9930","130","1.33","198600000000"
"023000","삼원강재","KOSPI","운수장비","3170","-105","-3.21","126800000000"
"004380","삼익THK","KOSPI","기계","12730","-220","-1.70","267330000000"
"002450","삼익악기","KOSPI","기타제조업","1226","-4","-0.33","110990901790"
"004440","삼일씨엔에스","KOSPI","비금속광물","5250","20","0.38","66842721750"
"000520","삼일제약","KOSPI","의약품","7400","-50","-0.67","111072201800"
"009770","삼정펄프","KOSPI","종이목재","26500","100","0.38","66249231500"
"005500","삼진제약","KOSPI","의약품","23350","0","0.00","324565000000"
"004690","삼천리","KOSPI","전기가스업","125000","-2300","-1.81","506878125000"
"010960","삼호개발","KOSPI","건설업","3640","-60","-1.62","91000000000"
"004450","삼화왕관","KOSPI","기계","35050","50","0.14","75510983950"
"009470","삼화전기","KOSPI","전기전자","25700","1600","6.64","169975174000"
"011230","삼화전자","KOSPI","전기전자","9830","1540","18.58","118969541000"
"001820","삼화콘덴서","KOSPI","전기전자","44000","450","1.03","457380000000"
"000390","삼화페인트","KOSPI","화학","6380","-100","-1.54","173558132220"
"001290","상상인증권","KOSPI","증권","780","2","0.26","84502953600"
"041650","상신브레이크","KOSPI","운수장비","3815","-350","-8.40","81913581750"
"075180","새론오토모티브","KOSPI","운수장비","4530","0","0.00","86976000000"
"007540","샘표","KOSPI","기타금융","52400","-1200","-2.24","150691920000"
"248170","샘표식품","KOSPI","음식료품","28700","-100","-0.35","131109808200"
"007860","서연","KOSPI","기타금융","9190","-50","-0.54","215779766360"
"200880","서연이화","KOSPI","운수장비","19070","430","2.31","515432293590"
"017390","서울가스","KOSPI","전기가스업","82600","-3600","-4.18","413000000000"
"004410","서울식품","KOSPI","음식료품","220","-5","-2.22","82446222980"
"004415","서울식품우","KOSPI","음식료품","2395","-35","-1.44","5327677500"
"021050","서원","KOSPI","철강금속","1535","-20","-1.29","72873495650"
"008490","서흥","KOSPI","화학","28150","-350","-1.23","325670530950"
"007610","선도전기","KOSPI","전기전자","3000","0","0.00","54000000000"
"136490","선진","KOSPI","음식료품","8820","-220","-2.43","209736107280"
"014910","성문전자","KOSPI","전기전자","2250","-155","-6.44","49373426250"
"014915","성문전자우","KOSPI","전기전자","8370","-310","-3.57","5022000000"
"003080","성보화학","KOSPI","화학","3430","20","0.59","68668600000"
"004980","성신양회","KOSPI","비금속광물","9390","-270","-2.80","230205925470"
"004985","성신양회우","KOSPI","비금속광물","13720","-840","-5.77","10093049400"
"011300","성안","KOSPI","섬유의복","2260","105","4.87","138073667180"
"000180","성창기업지주","KOSPI","서비스업","1997","-2","-0.10","139293945200"
"002420","세기상사","KOSPI","유통업","7970","-20","-0.25","44304018560"
"004360","세방","KOSPI","운수창고업","14450","-280","-1.90","279010570500"
"004365","세방우","KOSPI","운수창고업","7790","-80","-1.02","28739257500"
"004490","세방전지","KOSPI","전기전자","49350","100","0.20","690900000000"
"001430","세아베스틸지주","KOSPI","철강금속","24000","-600","-2.44","860690856000"
"306200","세아제강","KOSPI","철강금속","143400","-1800","-1.24","406725420000"
"003030","세아제강지주","KOSPI","기타금융","169400","1600","0.95","701596695800"
"019440","세아특수강","KOSPI","철강금속","16150","-140","-0.86","138405500000"
"058650","세아홀딩스","KOSPI","철강금속","112500","-900","-0.79","450000000000"
"013000","세우글로벌","KOSPI","유통업","1519","-3","-0.20","43602942089"
"091090","세원이앤씨","KOSPI","기계","254","0","0.00","54838924358"
"021820","세원정공","KOSPI","운수장비","9090","110","1.22","90900000000"
"067830","세이브존I&C","KOSPI","유통업","2800","-10","-0.36","114914506000"
"033530","세종공업","KOSPI","운수장비","8050","-350","-4.17","223958736050"
"075580","세진중공업","KOSPI","운수장비","6180","-90","-1.44","351329638080"
"027970","세하","KOSPI","종이목재","1303","-19","-1.44","75004585091"
"068270","셀트리온","KOSPI","의약품","173100","0","0.00","25340258212200"
"336370","솔루스첨단소재","KOSPI","전기전자","39100","-500","-1.26","1372847724500"
"33637K","솔루스첨단소재1우","KOSPI","전기전자","9330","-110","-1.17","78887193270"
"33637L","솔루스첨단소재2우B","KOSPI","전기전자","11150","90","0.81","21066252500"
"248070","솔루엠","KOSPI","전기전자","24450","-200","-0.81","1222635721950"
"004430","송원산업","KOSPI","화학","16220","-270","-1.64","389280000000"
"126720","수산인더스트리","KOSPI","건설업","22550","-350","-1.53","322149300000"
"017550","수산중공업","KOSPI","기계","2690","-30","-1.10","145220088470"
"053210","스카이라이프","KOSPI","서비스업","6900","-40","-0.58","329971565400"
"026890","스틱인베스트먼트","KOSPI","기타금융","5820","30","0.52","242566978500"
"134790","시디즈","KOSPI","기타제조업","37100","-150","-0.40","74200000000"
"016590","신대양제지","KOSPI","종이목재","5650","-120","-2.08","227682683000"
"029530","신도리코","KOSPI","전기전자","36200","-250","-0.69","364897049800"
"004970","신라교역","KOSPI","농업, 임업 및 어업","10410","-40","-0.38","166560000000"
"011930","신성이엔지","KOSPI","전기전자","2055","-40","-1.91","423017950305"
"005390","신성통상","KOSPI","유통업","2075","-10","-0.48","298194909250"
"004170","신세계","KOSPI","유통업","205500","1000","0.49","2023184695500"
"035510","신세계 I&C","KOSPI","서비스업","14580","-110","-0.75","250776000000"
"034300","신세계건설","KOSPI","건설업","18400","-90","-0.49","73600000000"
"031430","신세계인터내셔날","KOSPI","유통업","18260","-190","-1.03","651882000000"
"031440","신세계푸드","KOSPI","서비스업","43450","-100","-0.23","168259256000"
"006880","신송홀딩스","KOSPI","유통업","8320","-320","-3.70","98416098560"
"005800","신영와코루","KOSPI","섬유의복","10900","60","0.55","98100000000"
"001720","신영증권","KOSPI","증권","55500","0","0.00","520936153500"
"001725","신영증권우","KOSPI","증권","55800","100","0.18","393599975400"
"009270","신원","KOSPI","섬유의복","1459","-21","-1.42","149673493404"
"002700","신일전자","KOSPI","유통업","1973","-72","-3.52","140176758933"
"002870","신풍","KOSPI","유통업","1026","-2","-0.19","35867626200"
"019170","신풍제약","KOSPI","의약품","17100","-260","-1.50","906043329000"
"019175","신풍제약우","KOSPI","의약품","29900","-350","-1.16","65780000000"
"404990","신한서부티엔디리츠","KOSPI","서비스업","3560","-10","-0.28","199202947040"
"293940","신한알파리츠","KOSPI","서비스업","6280","50","0.80","553268772440"
"055550","신한지주","KOSPI","기타금융","34800","-200","-0.57","18186145885200"
"004080","신흥","KOSPI","유통업","14190","0","0.00","134805000000"
"102280","쌍방울","KOSPI","섬유의복","266","-2","-0.75","69849506314"
"003410","쌍용C&E","KOSPI","비금속광물","5800","-70","-1.19","2922385651000"
"004770","써니전자","KOSPI","전기전자","2285","-30","-1.30","79620850135"
"015540","쎌마테라퓨틱스","KOSPI","서비스업","6410","0","0.00","400989543110"
"403550","쏘카","KOSPI","서비스업","16270","-450","-2.69","533120342790"
"004920","씨아이테크","KOSPI","기타제조업","1755","-23","-1.29","86688454905"
"112610","씨에스윈드","KOSPI","기계","76100","-2500","-3.18","3209243768300"
"308170","씨티알모빌리티","KOSPI","운수장비","16000","-30","-0.19","137760000000"
"008700","아남전자","KOSPI","전기전자","2065","-25","-1.20","159262753300"
"002790","아모레G","KOSPI","화학","31100","200","0.65","2564449398000"
"00279K","아모레G3우(전환)","KOSPI","화학","21800","-200","-0.91","154609960000"
"002795","아모레G우","KOSPI","화학","11840","-110","-0.92","76294236800"
"090430","아모레퍼시픽","KOSPI","화학","113900","400","0.35","6662325250100"
"090435","아모레퍼시픽우","KOSPI","화학","36200","-300","-0.82","382193446000"
"002030","아세아","KOSPI","서비스업","144900","300","0.21","313640976600"
"183190","아세아시멘트","KOSPI","비금속광물","10890","-70","-0.64","424253600100"
"002310","아세아제지","KOSPI","종이목재","33700","-300","-0.88","301834117400"
"012170","아센디오","KOSPI","서비스업","986","-44","-4.27","83406556408"
"267850","아시아나IDT","KOSPI","서비스업","13220","-80","-0.60","146742000000"
"020560","아시아나항공","KOSPI","운수창고업","12030","-190","-1.55","895173520920"
"122900","아이마켓코리아","KOSPI","유통업","9930","-60","-0.60","331948381200"
"010780","아이에스동서","KOSPI","비금속광물","37850","-100","-0.26","1169285137100"
"139990","아주스틸","KOSPI","철강금속","9280","-50","-0.54","245476313920"
"001780","알루코","KOSPI","철강금속","3375","-50","-1.46","303646833000"
"018250","애경산업","KOSPI","화학","22650","-150","-0.66","598185027750"
"161000","애경케미칼","KOSPI","화학","18640","-2460","-11.66","906811935760"
"011090","에넥스","KOSPI","기타제조업","690","7","1.02","41394232290"
"137310","에스디바이오센서","KOSPI","의료정밀","16810","-370","-2.15","1755844053930"
"005850","에스엘","KOSPI","운수장비","35750","-450","-1.24","1660534590000"
"010580","에스엠벡셀","KOSPI","운수장비","2685","35","1.32","298710975600"
"012750","에스원","KOSPI","서비스업","53800","-600","-1.10","2044355776400"
"023960","에쓰씨엔지니어링","KOSPI","건설업","2370","-5","-0.21","74060971350"
"298690","에어부산","KOSPI","운수창고업","3025","-70","-2.26","352836000000"
"140910","에이리츠","KOSPI","서비스업","3690","-15","-0.40","16468588080"
"078520","에이블씨엔씨","KOSPI","화학","8540","-150","-1.73","222160934940"
"015260","에이엔피","KOSPI","전기전자","1934","-55","-2.77","86481991430"
"007460","에이프로젠","KOSPI","기계","1334","-42","-3.05","338394252570"
"003060","에이프로젠바이오로직스","KOSPI","의약품","407","-12","-2.86","270962158423"
"244920","에이플러스에셋","KOSPI","기타금융","4495","-20","-0.44","101621580035"
"036570","엔씨소프트","KOSPI","서비스업","333500","-24500","-6.84","7321666337000"
"380440","엔에이치스팩19호","KOSPI","기타금융","10000","0","0.00","102580000000"
"085310","엔케이","KOSPI","기계","930","-6","-0.64","74384517360"
"900140","엘브이엠씨홀딩스","KOSPI","유통업","2170","95","4.58","372346851870"
"097520","엠씨넥스","KOSPI","전기전자","32300","-350","-1.07","580680743600"
"014440","영보화학","KOSPI","화학","3870","-35","-0.90","77400000000"
"111770","영원무역","KOSPI","유통업","45300","-100","-0.22","2007309500400"
"009970","영원무역홀딩스","KOSPI","기타금융","67900","-300","-0.44","925856696800"
"003520","영진약품","KOSPI","의약품","2825","-55","-1.91","516671965075"
"000670","영풍","KOSPI","철강금속","532000","-4000","-0.75","979965280000"
"006740","영풍제지","KOSPI","종이목재","19950","-250","-1.24","927318852600"
"012280","영화금속","KOSPI","운수장비","1060","-23","-2.12","56598175300"
"012160","영흥","KOSPI","철강금속","754","4","0.53","76388020488"
"015360","예스코홀딩스","KOSPI","서비스업","33400","0","0.00","200400000000"
"007310","오뚜기","KOSPI","음식료품","450000","-3000","-0.66","1803523500000"
"002630","오리엔트바이오","KOSPI","의약품","681","-8","-1.16","80755026405"
"271560","오리온","KOSPI","음식료품","130300","-2800","-2.10","5151557999600"
"001800","오리온홀딩스","KOSPI","기타금융","15340","-290","-1.86","960980773480"
"011690","와이투솔루션","KOSPI","전기전자","1395","-1","-0.07","249755694300"
"070960","용평리조트","KOSPI","서비스업","3110","-60","-1.89","149694665630"
"316140","우리금융지주","KOSPI","기타금융","11870","-10","-0.08","8642078716630"
"010050","우리종금","KOSPI","기타금융","737","-2","-0.27","644287910222"
"006980","우성","KOSPI","음식료품","24800","-200","-0.80","76632000000"
"017370","우신시스템","KOSPI","기계","3365","-40","-1.17","61626791710"
"105840","우진","KOSPI","의료정밀","9010","-90","-0.99","183115762140"
"010400","우진아이엔에스","KOSPI","건설업","5760","-170","-2.87","43902720000"
"049800","우진플라임","KOSPI","기계","3450","-20","-0.58","69000000000"
"016880","웅진","KOSPI","서비스업","1438","-12","-0.83","114935141040"
"095720","웅진씽크빅","KOSPI","서비스업","3025","-15","-0.49","349405604625"
"005820","원림","KOSPI","섬유의복","22150","100","0.45","50900035500"
"010600","웰바이오텍","KOSPI","유통업","2075","0","0.00","143691683300"
"008600","윌비스","KOSPI","유통업","602","-11","-1.79","40476095478"
"033270","유나이티드제약","KOSPI","의약품","22850","-150","-0.65","371194182700"
"014830","유니드","KOSPI","화학","63300","-300","-0.47","428389080000"
"446070","유니드비티플러스","KOSPI","종이목재","8580","-240","-2.72","91044224700"
"000910","유니온","KOSPI","비금속광물","7400","-150","-1.99","115525980600"
"047400","유니온머티리얼","KOSPI","비금속광물","5070","-50","-0.98","212940000000"
"011330","유니켐","KOSPI","기타제조업","1501","37","2.53","127924854919"
"077500","유니퀘스트","KOSPI","유통업","10970","-150","-1.35","300095045750"
"002920","유성기업","KOSPI","운수장비","3180","-30","-0.93","82513050000"
"000700","유수홀딩스","KOSPI","서비스업","6600","-10","-0.15","171875959200"
"003470","유안타증권","KOSPI","증권","2785","-5","-0.18","555876464160"
"003475","유안타증권우","KOSPI","증권","2675","5","0.19","34540167100"
"072130","유엔젤","KOSPI","서비스업","3960","-135","-3.30","52253997840"
"000220","유유제약","KOSPI","의약품","5790","-70","-1.19","99775312290"
"000225","유유제약1우","KOSPI","의약품","6300","-50","-0.79","14281659000"
"000227","유유제약2우B","KOSPI","의약품","13600","0","0.00","4427616000"
"001200","유진투자증권","KOSPI","증권","3460","60","1.76","335157806280"
"000100","유한양행","KOSPI","의약품","59500","200","0.34","4560000091500"
"000105","유한양행우","KOSPI","의약품","54700","100","0.18","64597418000"
"003460","유화증권","KOSPI","증권","2440","-10","-0.41","138353892600"
"003465","유화증권우","KOSPI","증권","2480","-10","-0.40","43341534000"
"008730","율촌화학","KOSPI","화학","35500","-950","-2.61","880400000000"
"008250","이건산업","KOSPI","종이목재","7500","-200","-2.60","82144762500"
"025820","이구산업","KOSPI","철강금속","4405","-135","-2.97","147312010000"
"214320","이노션","KOSPI","서비스업","38950","-200","-0.51","779000000000"
"088260","이리츠코크렙","KOSPI","서비스업","5300","0","0.00","335710427000"
"139480","이마트","KOSPI","유통업","85900","-600","-0.69","2394532852100"
"007660","이수페타시스","KOSPI","전기전자","13680","1150","9.18","865211011920"
"005950","이수화학","KOSPI","화학","41500","0","0.00","1160321076000"
"015020","이스타코","KOSPI","서비스업","875","-21","-2.34","37495150000"
"093230","이아이디","KOSPI","유통업","1392","0","0.00","339310256256"
"074610","이엔플러스","KOSPI","기계","10580","-600","-5.37","641056250240"
"102460","이연제약","KOSPI","의약품","17900","-120","-0.67","322174528300"
"084680","이월드","KOSPI","기타제조업","1515","-5","-0.33","214836382395"
"350520","이지스레지던스리츠","KOSPI","서비스업","3930","-25","-0.63","111449364810"
"334890","이지스밸류리츠","KOSPI","서비스업","4805","25","0.52","176561334675"
"000760","이화산업","KOSPI","유통업","27100","2000","7.97","75880000000"
"014990","인디에프","KOSPI","섬유의복","1061","-44","-3.98","75026487695"
"101140","인바이오젠","KOSPI","유통업","467","0","0.00","65792982110"
"006490","인스코비","KOSPI","통신업","1358","-3","-0.22","154117585342"
"023800","인지컨트롤스","KOSPI","운수장비","9100","-110","-1.19","143863692700"
"034590","인천도시가스","KOSPI","전기가스업","26050","0","0.00","113962341700"
"129260","인터지스","KOSPI","운수창고업","2585","0","0.00","76898254290"
"023810","인팩","KOSPI","운수장비","9670","-440","-4.35","96700000000"
"249420","일동제약","KOSPI","의약품","19680","-310","-1.55","527488648800"
"000230","일동홀딩스","KOSPI","의약품","11490","-210","-1.79","132599196000"
"013360","일성건설","KOSPI","건설업","2290","-95","-3.98","123716975200"
"003120","일성신약","KOSPI","의약품","26950","0","0.00","358435000000"
"003200","일신방직","KOSPI","섬유의복","11580","0","0.00","269582400000"
"007110","일신석재","KOSPI","유통업","1275","-16","-1.24","98757177750"
"007570","일양약품","KOSPI","의약품","17560","-110","-0.62","335144259840"
"007575","일양약품우","KOSPI","의약품","19130","280","1.49","8514380400"
"008500","일정실업","KOSPI","섬유의복","12900","0","0.00","15480000000"
"081000","일진다이아","KOSPI","화학","19840","-210","-1.05","281787024000"
"020760","일진디스플","KOSPI","전기전자","1253","28","2.29","64546717473"
"103590","일진전기","KOSPI","전기전자","7290","-70","-0.95","270316043100"
"271940","일진하이솔루스","KOSPI","운수장비","30350","-400","-1.30","1102105316500"
"015860","일진홀딩스","KOSPI","기타금융","4440","-35","-0.78","219102824520"
"226320","잇츠한불","KOSPI","화학","15090","-290","-1.89","330913363350"
"317400","자이에스앤디","KOSPI","서비스업","6950","80","1.16","269538514000"
"033240","자화전자","KOSPI","전기전자","31800","200","0.63","690432346200"
"000950","전방","KOSPI","섬유의복","32950","0","0.00","55356000000"
"348950","제이알글로벌리츠","KOSPI","서비스업","4490","0","0.00","886218240000"
"194370","제이에스코퍼레이션","KOSPI","기타제조업","12470","-60","-0.48","166294944470"
"025620","제이준코스메틱","KOSPI","화학","7010","-10","-0.14","31438770460"
"030000","제일기획","KOSPI","서비스업","18030","100","0.56","2074193286750"
"271980","제일약품","KOSPI","의약품","19980","-20","-0.10","293803342560"
"001560","제일연마","KOSPI","비금속광물","10360","-40","-0.38","103600000000"
"002620","제일파마홀딩스","KOSPI","서비스업","14070","310","2.25","224745104850"
"006220","제주은행","KOSPI","은행","15550","-550","-3.42","499602435700"
"089590","제주항공","KOSPI","운수창고업","13360","-160","-1.18","1028635978960"
"004910","조광페인트","KOSPI","화학","6860","-50","-0.72","87808000000"
"004700","조광피혁","KOSPI","기타제조업","48300","300","0.63","321153365400"
"001550","조비","KOSPI","화학","16390","-190","-1.15","85100797210"
"000480","조선내화","KOSPI","비금속광물","8700","-40","-0.46","348000000000"
"120030","조선선재","KOSPI","기계","98600","-800","-0.80","124004388600"
"018470","조일알미늄","KOSPI","철강금속","2655","-55","-2.03","336207219255"
"002600","조흥","KOSPI","음식료품","203500","-1000","-0.49","122100000000"
"185750","종근당","KOSPI","의약품","86300","100","0.12","1084658443200"
"063160","종근당바이오","KOSPI","의약품","26650","0","0.00","146200887300"
"001630","종근당홀딩스","KOSPI","의약품","50800","0","0.00","254500938800"
"044380","주연테크","KOSPI","전기전자","773","-8","-1.02","45761015612"
"013890","지누스","KOSPI","기타제조업","30500","500","1.67","576470618000"
"013870","지엠비코리아","KOSPI","운수장비","5280","-200","-3.65","100701638400"
"071320","지역난방공사","KOSPI","전기가스업","26100","-250","-0.95","302205218400"
"035000","지투알","KOSPI","서비스업","6170","0","0.00","102220913530"
"088790","진도","KOSPI","유통업","2775","0","0.00","34542489600"
"003780","진양산업","KOSPI","화학","6530","-120","-1.80","84890000000"
"010640","진양폴리","KOSPI","화학","5300","-80","-1.49","53000000000"
"100250","진양홀딩스","KOSPI","화학","3215","-10","-0.31","179703363780"
"051630","진양화학","KOSPI","화학","3190","-75","-2.30","50402000000"
"272450","진에어","KOSPI","운수창고업","15010","0","0.00","783522000000"
"011000","진원생명과학","KOSPI","의약품","5060","0","0.00","393423090940"
"002780","진흥기업","KOSPI","건설업","1293","-35","-2.64","188094966285"
"002787","진흥기업2우B","KOSPI","건설업","13500","10","0.07","3979908000"
"002785","진흥기업우B","KOSPI","건설업","5340","-200","-3.61","4577544120"
"009310","참엔지니어링","KOSPI","기계","640","-1","-0.16","37675148160"
"000650","천일고속","KOSPI","운수창고업","53100","0","0.00","75891582000"
"012600","청호ICT","KOSPI","기계","2490","0","0.00","47713347630"
"033250","체시스","KOSPI","운수장비","1042","-17","-1.61","33344000000"
"035720","카카오","KOSPI","서비스업","56600","-100","-0.18","25127212684200"
"323410","카카오뱅크","KOSPI","은행","25000","-300","-1.19","11919178425000"
"377300","카카오페이","KOSPI","기타금융","55800","-500","-0.89","7478624016000"
"006380","카프로","KOSPI","화학","825","-11","-1.32","33000000000"
"109070","컨버즈","KOSPI","전기전자","4100","0","0.00","150921943000"
"001620","케이비아이동국실업","KOSPI","운수장비","699","-16","-2.24","75499730940"
"029460","케이씨","KOSPI","의료정밀","19480","320","1.67","264032777120"
"281820","케이씨텍","KOSPI","의료정밀","19280","170","0.89","402210799680"
"381970","케이카","KOSPI","유통업","13080","-110","-0.83","628971851640"
"145270","케이탑리츠","KOSPI","서비스업","1002","-6","-0.60","48156895548"
"417310","코람코더원리츠","KOSPI","서비스업","4750","30","0.64","191900000000"
"357120","코람코에너지리츠","KOSPI","서비스업","5560","60","1.09","492251675440"
"007815","코리아써우","KOSPI","전기전자","6070","170","2.88","17995668300"
"007810","코리아써키트","KOSPI","전기전자","15350","630","4.28","362578527850"
"00781K","코리아써키트2우B","KOSPI","전기전자","8710","100","1.16","6826018290"
"003690","코리안리","KOSPI","보험","7390","0","0.00","1040681519210"
"192820","코스맥스","KOSPI","화학","84000","200","0.24","953358756000"
"044820","코스맥스비티아이","KOSPI","기타금융","8770","50","0.57","84226387170"
"005070","코스모신소재","KOSPI","화학","174800","-6500","-3.59","5357752148800"
"005420","코스모화학","KOSPI","화학","49700","-500","-1.00","1739908931600"
"071950","코아스","KOSPI","기타제조업","711","-2","-0.28","21975026310"
"002020","코오롱","KOSPI","기타금융","20150","0","0.00","254422483900"
"003070","코오롱글로벌","KOSPI","건설업","14240","-100","-0.70","269601833120"
"003075","코오롱글로벌우","KOSPI","건설업","22650","-350","-1.52","16777693050"
"450140","코오롱모빌리티그룹","KOSPI","유통업","4055","-120","-2.87","254561748750"
"45014K","코오롱모빌리티그룹우","KOSPI","유통업","9610","-300","-3.03","23603313200"
"002025","코오롱우","KOSPI","기타금융","15010","-70","-0.46","16156613900"
"120110","코오롱인더","KOSPI","화학","43200","100","0.23","1188824731200"
"120115","코오롱인더우","KOSPI","화학","24700","50","0.20","68366142000"
"138490","코오롱플라스틱","KOSPI","화학","9880","-120","-1.20","375440000000"
"021240","코웨이","KOSPI","서비스업","48000","-1050","-2.14","3542381712000"
"036420","콘텐트리중앙","KOSPI","서비스업","22300","-100","-0.45","429549468400"
"031820","콤텍시스템","KOSPI","서비스업","864","30","3.60","104588466624"
"192400","쿠쿠홀딩스","KOSPI","기타금융","15570","-10","-0.06","553703220450"
"284740","쿠쿠홈시스","KOSPI","서비스업","25050","150","0.60","562055116500"
"015590","큐로","KOSPI","기계","943","-17","-1.77","218032574634"
"264900","크라운제과","KOSPI","음식료품","8910","-250","-2.73","111587503500"
"26490K","크라운제과우","KOSPI","음식료품","10900","-100","-0.91","8431804000"
"005740","크라운해태홀딩스","KOSPI","기타금융","6500","30","0.46","96507755500"
"005745","크라운해태홀딩스우","KOSPI","기타금융","10590","50","0.47","6361688340"
"259960","크래프톤","KOSPI","서비스업","185200","-2300","-1.23","9118746108000"
"020120","키다리스튜디오","KOSPI","서비스업","6840","-70","-1.01","252880039440"
"039490","키움증권","KOSPI","증권","92500","-2500","-2.63","2425304952500"
"014580","태경비케이","KOSPI","비금속광물","6760","-290","-4.11","186461756000"
"015890","태경산업","KOSPI","화학","7470","-130","-1.71","218338762500"
"006890","태경케미컬","KOSPI","화학","13190","-410","-3.01","153004000000"
"003240","태광산업","KOSPI","화학","658000","-8000","-1.20","732617200000"
"011280","태림포장","KOSPI","종이목재","2860","-20","-0.69","202504988400"
"004100","태양금속","KOSPI","운수장비","2035","-55","-2.63","74684500000"
"004105","태양금속우","KOSPI","운수장비","3350","0","0.00","11055000000"
"009410","태영건설","KOSPI","건설업","4005","-105","-2.55","155790887490"
"009415","태영건설우","KOSPI","건설업","6110","-610","-9.08","7956087620"
"001420","태원물산","KOSPI","운수장비","5520","260","4.94","41952000000"
"007980","태평양물산","KOSPI","섬유의복","1506","-19","-1.25","73245922926"
"055490","테이팩스","KOSPI","화학","49550","-950","-1.88","234007307500"
"078000","텔코웨어","KOSPI","서비스업","9240","-60","-0.65","89653003440"
"214420","토니모리","KOSPI","화학","4775","-125","-2.55","114861665225"
"019180","티에이치엔","KOSPI","전기전자","3520","-65","-1.81","63360000000"
"363280","티와이홀딩스","KOSPI","기타금융","10600","-150","-1.40","534550240800"
"36328K","티와이홀딩스우","KOSPI","기타금융","10830","30","0.28","13461841620"
"091810","티웨이항공","KOSPI","운수창고업","2955","-35","-1.17","593279933205"
"004870","티웨이홀딩스","KOSPI","비금속광물","629","-6","-0.94","69366070309"
"005690","파미셀","KOSPI","의약품","8970","-30","-0.33","538352167080"
"036580","팜스코","KOSPI","음식료품","3950","-100","-2.47","145075374850"
"004720","팜젠사이언스","KOSPI","의약품","6200","-70","-1.12","98250085600"
"028670","팬오션","KOSPI","운수창고업","4710","-410","-8.01","2517822401520"
"010820","퍼스텍","KOSPI","기계","4470","-250","-5.30","214834726200"
"016800","퍼시스","KOSPI","기타제조업","29650","-250","-0.84","340975000000"
"001020","페이퍼코리아","KOSPI","종이목재","1021","-9","-0.87","48565713010"
"090080","평화산업","KOSPI","운수장비","1567","-98","-5.89","86031839853"
"010770","평화홀딩스","KOSPI","운수장비","3615","-120","-3.21","52871059590"
"058430","포스코스틸리온","KOSPI","철강금속","44000","-850","-1.90","264000000000"
"047050","포스코인터내셔널","KOSPI","유통업","28400","-600","-2.07","4996207179200"
"003670","포스코퓨처엠","KOSPI","전기전자","324000","-3000","-0.92","25098083280000"
"017810","풀무원","KOSPI","음식료품","10910","-290","-2.59","415895113220"
"103140","풍산","KOSPI","철강금속","39350","50","0.13","1102755339300"
"005810","풍산홀딩스","KOSPI","기타금융","34600","-600","-1.70","345949068800"
"950210","프레스티지바이오파마","KOSPI","서비스업","9970","170","1.73","599158665350"
"009810","플레이그램","KOSPI","유통업","812","1","0.12","102921151844"
"086790","하나금융지주","KOSPI","기타금융","40750","-300","-0.73","12058066647000"
"293480","하나제약","KOSPI","의약품","14600","-120","-0.82","259485011600"
"039130","하나투어","KOSPI","서비스업","55200","400","0.73","885363012000"
"352820","하이브","KOSPI","서비스업","270000","3000","1.12","11244076290000"
"071090","하이스틸","KOSPI","철강금속","3910","-135","-3.34","78948651610"
"019490","하이트론","KOSPI","전기전자","2470","0","0.00","23739723280"
"000080","하이트진로","KOSPI","음식료품","23450","-250","-1.05","1644633177950"
"000087","하이트진로2우B","KOSPI","음식료품","16870","40","0.24","19065428060"
"000140","하이트진로홀딩스","KOSPI","기타금융","9700","30","0.31","225105620500"
"000145","하이트진로홀딩스우","KOSPI","기타금융","12900","50","0.39","6073449000"
"152550","한국ANKOR유전","KOSPI","기타금융","742","-28","-3.64","51954840000"
"036460","한국가스공사","KOSPI","전기가스업","25950","-450","-1.70","2395522350000"
"005430","한국공항","KOSPI","운수창고업","38150","-250","-0.65","120796443250"
"071050","한국금융지주","KOSPI","기타금융","54300","-800","-1.45","3025921365600"
"071055","한국금융지주우","KOSPI","기타금융","41450","-250","-0.60","242824503950"
"010040","한국내화","KOSPI","비금속광물","3985","-5","-0.13","163652242070"
"025540","한국단자","KOSPI","전기전자","60700","-1100","-1.78","632190500000"
"010100","한국무브넥스","KOSPI","운수장비","3550","-50","-1.39","108098991000"
"004090","한국석유","KOSPI","비금속광물","10580","-20","-0.19","134303789600"
"002200","한국수출포장","KOSPI","종이목재","3170","-75","-2.31","126800000000"
"002960","한국쉘석유","KOSPI","화학","229000","-500","-0.22","297700000000"
"000240","한국앤컴퍼니","KOSPI","기타금융","12240","-400","-3.16","1162007337600"
"123890","한국자산신탁","KOSPI","기타금융","3070","0","0.00","380611698640"
"015760","한국전력","KOSPI","전기가스업","18470","70","0.38","11857076502190"
"006200","한국전자홀딩스","KOSPI","기타금융","1088","-4","-0.37","50921811968"
"023350","한국종합기술","KOSPI","서비스업","7100","40","0.57","77745000000"
"025890","한국주강","KOSPI","기계","3260","35","1.09","36868184340"
"000970","한국주철관","KOSPI","철강금속","7360","40","0.55","167811680000"
"104700","한국철강","KOSPI","철강금속","6540","-50","-0.76","277623000000"
"017960","한국카본","KOSPI","기계","11240","-150","-1.32","494118908680"
"161890","한국콜마","KOSPI","화학","38600","-500","-1.28","883213548000"
"024720","한국콜마홀딩스","KOSPI","기타금융","14380","-170","-1.17","267133219220"
"161390","한국타이어앤테크놀로지","KOSPI","화학","35650","-650","-1.79","4416146209850"
"034830","한국토지신탁","KOSPI","기타금융","1375","-5","-0.36","347172691250"
"007280","한국특강","KOSPI","철강금속","2020","-30","-1.46","122390987960"
"168490","한국패러랠","KOSPI","기타금융","2170","5","0.23","173643400000"
"047810","한국항공우주","KOSPI","운수장비","51200","-1600","-3.03","4990725478400"
"123690","한국화장품","KOSPI","유통업","7000","-70","-0.99","112476000000"
"003350","한국화장품제조","KOSPI","화학","24650","450","1.86","111713800000"
"011500","한농화성","KOSPI","화학","16900","-720","-4.09","264266009800"
"002390","한독","KOSPI","의약품","15160","-160","-1.04","208655160280"
"053690","한미글로벌","KOSPI","서비스업","29500","-700","-2.32","323247725000"
"042700","한미반도체","KOSPI","기계","27150","-150","-0.55","2642762049300"
"008930","한미사이언스","KOSPI","기타금융","36400","-100","-0.27","2546432616000"
"128940","한미약품","KOSPI","의약품","296000","-3500","-1.17","3718398768000"
"009240","한샘","KOSPI","유통업","46600","-400","-0.85","1096681044800"
"020000","한섬","KOSPI","섬유의복","24500","-100","-0.41","603435000000"
"003680","한성기업","KOSPI","음식료품","5600","-230","-3.95","34773284000"
"105630","한세실업","KOSPI","섬유의복","15890","150","0.95","635600000000"
"069640","한세엠케이","KOSPI","유통업","2970","-105","-3.41","89416310940"
"016450","한세예스24홀딩스","KOSPI","섬유의복","4725","-60","-1.25","189000000000"
"010420","한솔PNS","KOSPI","유통업","1411","-27","-1.88","28915639932"
"009180","한솔로지스틱스","KOSPI","운수창고업","2800","-5","-0.18","76936790000"
"213500","한솔제지","KOSPI","종이목재","11180","-70","-0.62","266090439680"
"014680","한솔케미칼","KOSPI","화학","223500","-3500","-1.54","2533416082500"
"004710","한솔테크닉스","KOSPI","전기전자","7520","370","5.17","241466282560"
"004150","한솔홀딩스","KOSPI","기타금융","3115","-10","-0.32","130856717355"
"025750","한솔홈데코","KOSPI","종이목재","1062","-31","-2.84","85560188238"
"004960","한신공영","KOSPI","건설업","8100","-200","-2.41","93722686200"
"011700","한신기계","KOSPI","기계","5760","-40","-0.69","186889829760"
"001750","한양증권","KOSPI","증권","8890","-110","-1.22","113156667260"
"001755","한양증권우","KOSPI","증권","12340","40","0.33","6478500000"
"018880","한온시스템","KOSPI","기계","9400","-70","-0.74","5017720000000"
"009420","한올바이오파마","KOSPI","의약품","21650","-200","-0.92","1131009812700"
"014130","한익스프레스","KOSPI","운수창고업","6000","-140","-2.28","72000000000"
"300720","한일시멘트","KOSPI","비금속광물","12860","-130","-1.00","890703404400"
"002220","한일철강","KOSPI","철강금속","3290","-15","-0.45","87834643400"
"006390","한일현대시멘트","KOSPI","비금속광물","17460","-210","-1.19","337461153120"
"003300","한일홀딩스","KOSPI","비금속광물","11450","-60","-0.52","353036521800"
"051600","한전KPS","KOSPI","건설업","34000","-300","-0.87","1530000000000"
"052690","한전기술","KOSPI","서비스업","66800","-1500","-2.20","2553096000000"
"130660","한전산업","KOSPI","서비스업","7700","-70","-0.90","251020000000"
"002320","한진","KOSPI","운수창고업","19970","-10","-0.05","298504131160"
"003480","한진중공업홀딩스","KOSPI","전기가스업","3610","10","0.28","106602621320"
"180640","한진칼","KOSPI","운수창고업","42200","-150","-0.35","2817347791200"
"18064K","한진칼우","KOSPI","운수창고업","24250","-200","-0.82","13016575500"
"005110","한창","KOSPI","유통업","735","0","0.00","58355815980"
"009460","한창제지","KOSPI","종이목재","1370","1","0.07","81744455820"
"372910","한컴라이프케어","KOSPI","의료정밀","5710","630","12.40","158020858260"
"000880","한화","KOSPI","화학","30750","-450","-1.44","2304981101250"
"00088K","한화3우B","KOSPI","화학","15030","-100","-0.66","337754160000"
"452260","한화갤러리아","KOSPI","유통업","1630","-11","-0.67","315991164300"
"45226K","한화갤러리아우","KOSPI","유통업","8410","-140","-1.64","24426592700"
"451800","한화리츠","KOSPI","서비스업","5050","30","0.60","356530000000"
"088350","한화생명","KOSPI","보험","2575","-15","-0.58","2236464750000"
"000370","한화손해보험","KOSPI","보험","4220","-55","-1.29","492638221300"
"009830","한화솔루션","KOSPI","화학","44900","-450","-0.99","7717974866400"
"009835","한화솔루션우","KOSPI","화학","34800","-150","-0.43","89622145200"
"272210","한화시스템","KOSPI","전기전자","13960","-330","-2.31","2637314670440"
"012450","한화에어로스페이스","KOSPI","운수장비","106500","-1500","-1.39","5392095000000"
"000885","한화우","KOSPI","화학","37250","800","2.19","17853701500"
"003530","한화투자증권","KOSPI","증권","2695","-5","-0.19","578206253625"
"003535","한화투자증권우","KOSPI","증권","5070","-100","-1.93","24336000000"
"195870","해성디에스","KOSPI","전기전자","49250","-300","-0.61","837250000000"
"101530","해태제과식품","KOSPI","음식료품","6000","-90","-1.48","174700932000"
"143210","핸즈코퍼레이션","KOSPI","운수장비","3165","30","0.96","69197243220"
"000720","현대건설","KOSPI","건설업","39050","-1050","-2.62","4348442623250"
"000725","현대건설우","KOSPI","건설업","69600","-12100","-14.81","73406632800"
"453340","현대그린푸드","KOSPI","유통업","11730","-500","-4.09","397423121220"
"086280","현대글로비스","KOSPI","운수창고업","172600","-2100","-1.20","6472500000000"
"064350","현대로템","KOSPI","운수장비","31250","-300","-0.95","3410696656250"
"079430","현대리바트","KOSPI","기타제조업","7780","-120","-1.52","159764493960"
"012330","현대모비스","KOSPI","운수장비","227000","0","0.00","21402716338000"
"010620","현대미포조선","KOSPI","운수장비","73100","-900","-1.22","2919771091900"
"069960","현대백화점","KOSPI","유통업","51800","-200","-0.38","1212246443800"
"004560","현대비앤지스틸","KOSPI","철강금속","15350","-360","-2.29","231459748850"
"004565","현대비앤지스틸우","KOSPI","철강금속","50100","-1700","-3.28","5503585200"
"004310","현대약품","KOSPI","의약품","4780","0","0.00","152960000000"
"017800","현대엘리베이","KOSPI","기계","42950","-500","-1.15","1753012453450"
"307950","현대오토에버","KOSPI","서비스업","124100","-200","-0.16","3403316166200"
"011210","현대위아","KOSPI","운수장비","60800","-400","-0.65","1653461046400"
"004020","현대제철","KOSPI","철강금속","33700","-700","-2.03","4497122954500"
"005440","현대지에프홀딩스","KOSPI","기타금융","3620","-60","-1.63","231041316160"
"005380","현대차","KOSPI","운수장비","205500","2000","0.98","43469724483000"
"005387","현대차2우B","KOSPI","운수장비","109100","-400","-0.37","3940757132700"
"005389","현대차3우B","KOSPI","운수장비","107400","-100","-0.09","258237715200"
"005385","현대차우","KOSPI","운수장비","108000","-300","-0.28","2604216852000"
"001500","현대차증권","KOSPI","증권","8890","-20","-0.22","281924676180"
"011760","현대코퍼레이션","KOSPI","유통업","18670","-230","-1.22","246984795220"
"227840","현대코퍼레이션홀딩스","KOSPI","유통업","11270","-130","-1.14","102566421720"
"126560","현대퓨처넷","KOSPI","통신업","3200","-70","-2.14","352649424000"
"001450","현대해상","KOSPI","보험","34000","-400","-1.16","3039600000000"
"057050","현대홈쇼핑","KOSPI","유통업","48300","-400","-0.82","579600000000"
"093240","형지엘리트","KOSPI","섬유의복","1499","-7","-0.46","46701042202"
"003010","혜인","KOSPI","유통업","6320","-90","-1.40","80344561040"
"111110","호전실업","KOSPI","섬유의복","7900","10","0.13","77024873600"
"008770","호텔신라","KOSPI","유통업","80700","300","0.37","3167323364700"
"008775","호텔신라우","KOSPI","유통업","57400","-100","-0.17","43157854600"
"002460","화성산업","KOSPI","건설업","9860","-240","-2.38","100079000000"
"378850","화승알앤에이","KOSPI","운수장비","4480","-130","-2.82","85091431040"
"241590","화승엔터프라이즈","KOSPI","기타제조업","7280","-50","-0.68","441089929280"
"006060","화승인더","KOSPI","화학","3640","-50","-1.36","201364800000"
"013520","화승코퍼레이션","KOSPI","운수장비","2250","-70","-3.02","112615317000"
"010690","화신","KOSPI","운수장비","15970","-130","-0.81","557678947700"
"133820","화인베스틸","KOSPI","철강금속","2355","-20","-0.84","70457167890"
"010660","화천기계","KOSPI","기계","4230","-120","-2.76","93060000000"
"000850","화천기공","KOSPI","기계","38400","-600","-1.54","84480000000"
"016580","환인제약","KOSPI","의약품","16000","-40","-0.25","297601120000"
"032560","황금에스티","KOSPI","철강금속","7930","-180","-2.22","134810000000"
"004800","효성","KOSPI","기타금융","65800","-300","-0.45","1386473445000"
"094280","효성ITX","KOSPI","서비스업","12880","-70","-0.54","148869616000"
"298040","효성중공업","KOSPI","전기전자","79300","-2200","-2.70","739436656400"
"298050","효성첨단소재","KOSPI","화학","443000","-8000","-1.77","1984616964000"
"298020","효성티앤씨","KOSPI","화학","380000","-14000","-3.55","1644519160000"
"298000","효성화학","KOSPI","화학","100500","200","0.20","320607663000"
"093370","후성","KOSPI","화학","12990","-60","-0.46","1225633830960"
"081660","휠라홀딩스","KOSPI","유통업","36300","-200","-0.55","2205305658600"
"005870","휴니드","KOSPI","전기전자","6390","-120","-1.84","90201335850"
"079980","휴비스","KOSPI","화학","4695","-55","-1.16","161977500000"
"005010","휴스틸","KOSPI","철강금속","6350","-90","-1.40","356794276250"
"000540","흥국화재","KOSPI","보험","3235","-60","-1.82","207824956575"
"000547","흥국화재2우B","KOSPI","보험","16960","-140","-0.82","2605056000"
"000545","흥국화재우","KOSPI","보험","5590","0","0.00","4293120000"
"003280","흥아해운","KOSPI","운수창고업","1346","-9","-0.66","323611914054"